0;15 Dec 2016 20:00:44 GMT
0;15 Dec 2016 20:00:44 GMT
4;15 Dec 2016 20:00:44 GMT
9;15 Dec 2016 20:00:44 GMT
3;15 Dec 2016 20:00:44 GMT
2;15 Dec 2016 20:00:44 GMT
0;15 Dec 2016 20:00:44 GMT
4;15 Dec 2016 20:00:44 GMT
11;15 Dec 2016 20:00:44 GMT
4;15 Dec 2016 20:00:44 GMT
7;15 Dec 2016 20:00:44 GMT
0;15 Dec 2016 20:00:44 GMT
1;15 Dec 2016 20:00:44 GMT
0;15 Dec 2016 20:00:44 GMT
1;15 Dec 2016 20:00:44 GMT
3;15 Dec 2016 20:00:44 GMT
3;15 Dec 2016 20:00:44 GMT
2;15 Dec 2016 20:00:44 GMT
2;15 Dec 2016 20:00:44 GMT
2;15 Dec 2016 20:00:44 GMT
2;15 Dec 2016 20:00:44 GMT
3;15 Dec 2016 20:00:44 GMT
3;15 Dec 2016 20:00:44 GMT
8;15 Dec 2016 20:00:44 GMT
4;15 Dec 2016 20:00:44 GMT
0;15 Dec 2016 20:00:44 GMT
0;15 Dec 2016 20:00:44 GMT
0;15 Dec 2016 20:00:44 GMT
0;15 Dec 2016 20:00:44 GMT
0;15 Dec 2016 20:00:44 GMT
0;15 Dec 2016 20:00:44 GMT
0;15 Dec 2016 20:00:44 GMT
0;15 Dec 2016 20:00:44 GMT
0;15 Dec 2016 20:00:44 GMT
0;15 Dec 2016 20:00:44 GMT
0;15 Dec 2016 20:00:44 GMT
0;15 Dec 2016 20:00:44 GMT
0;15 Dec 2016 20:00:44 GMT
2;15 Dec 2016 20:00:44 GMT
0;15 Dec 2016 20:00:44 GMT
0;15 Dec 2016 20:00:44 GMT
2;15 Dec 2016 20:00:44 GMT
2;15 Dec 2016 20:00:44 GMT
4;15 Dec 2016 20:00:44 GMT
16;15 Dec 2016 20:00:44 GMT
1;15 Dec 2016 20:00:44 GMT
0;15 Dec 2016 20:00:44 GMT
0;15 Dec 2016 20:00:44 GMT
5;15 Dec 2016 20:00:44 GMT
0;15 Dec 2016 20:00:44 GMT
2;15 Dec 2016 20:00:44 GMT
2;15 Dec 2016 20:00:44 GMT
0;15 Dec 2016 20:00:44 GMT
1;15 Dec 2016 20:00:44 GMT
4;15 Dec 2016 20:00:44 GMT
4;15 Dec 2016 20:00:44 GMT
4;15 Dec 2016 20:00:44 GMT
1;15 Dec 2016 20:00:44 GMT
0;15 Dec 2016 20:00:44 GMT
